Code,Month,Year,Payment date,TPP,Employee contributions,Employer contributions,Employee added years optional,"Additional pension 
optional","ERRBO 
optional",Grand Total
,,,,,,,,,,0
,,,,,,,,,,0
,,,,,,,,,,0
,,,,,,,,,,0
,,,,,,,,,,0
,,,,,,,,,,0
,,,,,,,,,,0
,,,,,,,,,,0
,,,,,,,,,,0
,,,,,,,,,,0
,,,,,,,,,,0
,,,,,,,,,,0
,,,,,,,,,,0
,,,,,,,,,,0
,,,,,,,,,,0
,,,,,,,,,,0
,,,,,,,,,,0
,,,,,,,,,,0
,,,,,,,,,,0
,,,,,,,,,,0
,,,,,,,,,,0
,,,,,,,,,,0
,,,,,,,,,,0
,,,,,,,,,,0
,,,,,,,,,,0
,,,,,,,,,,0
,,,,,,,,,,0
,,,,,,,,,,0
,,,,,,,,,,0
,,,,,,,,,,0
,,,,,,,,,,0
,,,,,,,,,,0
,,,,,,,,,,0
,,,,,,,,,,0
,,,,,,,,,,0
,,,,,,,,,,0
,,,,,,,,,,0
,,,,,,,,,,0
,,,,,,,,,,0
,,,,,,,,,,0
,,,,,,,,,,0
,,,,,,,,,,0
,,,,,,,,,,0
,,,,,,,,,,0
,,,,,,,,,,0
,,,,,,,,,,0
,,,,,,,,,,0
,,,,,,,,,,0
,,,,,,,,,,0
,,,,,,,,,,0
,,,,,,,,,,0
,,,,,,,,,,0
,,,,,,,,,,0
,,,,,,,,,,0
,,,,,,,,,,0
,,,,,,,,,,0
,,,,,,,,,,0
,,,,,,,,,,0
,,,,,,,,,,0